﻿<?xml version="1.0" encoding="utf-8"?>
<!--Created:cb85b80c-f585-40ff-8bfc-12ff4d0e34a9-->
<App xmlns="http://schemas.microsoft.com/sharepoint/2012/app/manifest" Name="FileUploader" ProductID="{97e85cef-0047-42b1-b9f5-74d07f1a90e7}" Version="1.0.0.0" SharePointMinVersion="16.0.0.0">
  <Properties>
    <Title>FileUploader</Title>
    <StartPage>https://localhost:44301/?{StandardTokens}</StartPage>
  </Properties>
  <AppPrincipal>
    <AutoDeployedWebApplication>
      <DebugInfo ClientSecret="bys2s07nh9PMS/glBlLvUMQnrYmtCaI6AW4YixrvsSg=" AppUrl="https://localhost:44301/" />
    </AutoDeployedWebApplication>
  </AppPrincipal>
  <AppPermissionRequests>
    <AppPermissionRequest Scope="http://sharepoint/content/sitecollection/web" Right="FullControl" />
    <AppPermissionRequest Scope="http://sharepoint/content/sitecollection/web/list" Right="Manage" />
  </AppPermissionRequests>
</App>